dataset,n,base_cancel,roc_auc,pr_auc,brier,precision20,recall20,lift20
main_test_common,9252,0.2827496757457847,0.697263634046891,0.4566791843510853,0.1943024026654915,0.4535135135135135,0.32071865443425074,1.6039399950409123
external_additional,36160,0.328429203539823,0.7819569756367324,0.631719620924271,0.1750558664069366,0.697870575221239,0.42497473896934995,2.12487369484675
