hotel,count,cancellations,cancel_rate,share_of_rows
City Hotel,79330,33102,0.41726963317786464,0.6644610101348521
Resort Hotel,40060,11122,0.27763354967548676,0.33553898986514785
