column,missing_count,missing_share
company,112593,0.943068933746545
agent,16340,0.13686238378423654
country,488,0.004087444509590418
children,4,3.350364352123293e-05
