hotel,n,cancel_rate,adr_mean,booking_value_sum
City Hotel,79330,0.41726963317786464,105.30446539770578,25279469.96
Resort Hotel,40060,0.27763354967548676,94.9529296055916,17444027.57
