is_repeated_guest,n,cancel_rate,adr_mean,booking_value_sum
0,115580,0.3778508392455442,103.06349152102439,42138634.27
1,3810,0.14488188976377953,64.44599737532809,584863.26
